SIC Code,Description,Category
1110,"Growing of cereals (except rice), leguminous crops and oil seeds","Agriculture, Forestry and Fishing"
1120,Growing of rice,"Agriculture, Forestry and Fishing"
1130,"Growing of vegetables and melons, roots and tubers","Agriculture, Forestry and Fishing"
1140,Growing of sugar cane,"Agriculture, Forestry and Fishing"
1150,Growing of tobacco,"Agriculture, Forestry and Fishing"
1160,Growing of fibre crops,"Agriculture, Forestry and Fishing"
1190,Growing of other non-perennial crops,"Agriculture, Forestry and Fishing"
1210,Growing of grapes,"Agriculture, Forestry and Fishing"
1220,Growing of tropical and subtropical fruits,"Agriculture, Forestry and Fishing"
1230,Growing of citrus fruits,"Agriculture, Forestry and Fishing"
1240,Growing of pome fruits and stone fruits,"Agriculture, Forestry and Fishing"
1250,Growing of other tree and bush fruits and nuts,"Agriculture, Forestry and Fishing"
1260,Growing of oleaginous fruits,"Agriculture, Forestry and Fishing"
1270,Growing of beverage crops,"Agriculture, Forestry and Fishing"
1280,"Growing of spices, aromatic, drug and pharmaceutical crops","Agriculture, Forestry and Fishing"
1290,Growing of other perennial crops,"Agriculture, Forestry and Fishing"
1300,Plant propagation,"Agriculture, Forestry and Fishing"
1410,Raising of dairy cattle,"Agriculture, Forestry and Fishing"
1420,Raising of other cattle and buffaloes,"Agriculture, Forestry and Fishing"
1430,Raising of horses and other equines,"Agriculture, Forestry and Fishing"
1440,Raising of camels and camelids,"Agriculture, Forestry and Fishing"
1450,Raising of sheep and  goats,"Agriculture, Forestry and Fishing"
1460,Raising of swine/pigs,"Agriculture, Forestry and Fishing"
1470,Raising of poultry,"Agriculture, Forestry and Fishing"
1490,Raising of other animals,"Agriculture, Forestry and Fishing"
1500,Mixed farming,"Agriculture, Forestry and Fishing"
1610,Support activities for crop production,"Agriculture, Forestry and Fishing"
1621,Farm animal boarding and care,"Agriculture, Forestry and Fishing"
1629,Support activities for animal production (other than farm animal boarding and care) n.e.c.,"Agriculture, Forestry and Fishing"
1630,Post-harvest crop activities,"Agriculture, Forestry and Fishing"
1640,Seed processing for propagation,"Agriculture, Forestry and Fishing"
1700,"Hunting, trapping and related service activities","Agriculture, Forestry and Fishing"
2100,Silviculture and other forestry activities,"Agriculture, Forestry and Fishing"
2200,Logging,"Agriculture, Forestry and Fishing"
2300,Gathering of wild growing non-wood products,"Agriculture, Forestry and Fishing"
2400,Support services to forestry,"Agriculture, Forestry and Fishing"
3110,Marine fishing,"Agriculture, Forestry and Fishing"
3120,Freshwater fishing,"Agriculture, Forestry and Fishing"
3210,Marine aquaculture,"Agriculture, Forestry and Fishing"
3220,Freshwater aquaculture,"Agriculture, Forestry and Fishing"
5101,Deep coal mines,Mining and Quarrying
5102,Open cast coal working,Mining and Quarrying
5200,Mining of lignite,Mining and Quarrying
6100,Extraction of crude petroleum,Mining and Quarrying
6200,Extraction of natural gas,Mining and Quarrying
7100,Mining of iron ores,Mining and Quarrying
7210,Mining of uranium and thorium ores,Mining and Quarrying
7290,Mining of other non-ferrous metal ores,Mining and Quarrying
8110,"Quarrying of ornamental and building stone, limestone, gypsum, chalk and slate",Mining and Quarrying
8120,Operation of gravel and sand pits; mining of clays and kaolin,Mining and Quarrying
8910,Mining of chemical and fertilizer minerals,Mining and Quarrying
8920,Extraction of peat,Mining and Quarrying
8930,Extraction of salt,Mining and Quarrying
8990,Other mining and quarrying n.e.c.,Mining and Quarrying
9100,Support activities for petroleum and natural gas extraction,Mining and Quarrying
9900,Support activities for other mining and quarrying,Mining and Quarrying
10110,Processing and preserving of meat,Manufacturing
10120,Processing and preserving of poultry meat,Manufacturing
10130,Production of meat and poultry meat products,Manufacturing
10200,"Processing and preserving of fish, crustaceans and molluscs",Manufacturing
10310,Processing and preserving of potatoes,Manufacturing
10320,Manufacture of fruit and vegetable juice,Manufacturing
10390,Other processing and preserving of fruit and vegetables,Manufacturing
10410,Manufacture of oils and fats,Manufacturing
10420,Manufacture of margarine and similar edible fats,Manufacturing
10511,Liquid milk and cream production,Manufacturing
10512,Butter and cheese production,Manufacturing
10519,Manufacture of other milk products,Manufacturing
10520,Manufacture of ice cream,Manufacturing
10611,Grain milling,Manufacturing
10612,Manufacture of breakfast cereals and cereals-based food,Manufacturing
10620,Manufacture of starches and starch products,Manufacturing
10710,Manufacture of bread; manufacture of fresh pastry goods and cakes,Manufacturing
10720,Manufacture of rusks and biscuits; manufacture of preserved pastry goods and cakes,Manufacturing
10730,"Manufacture of macaroni, noodles, couscous and similar farinaceous products",Manufacturing
10810,Manufacture of sugar,Manufacturing
10821,Manufacture of cocoa and chocolate confectionery,Manufacturing
10822,Manufacture of sugar confectionery,Manufacturing
10831,Tea processing,Manufacturing
10832,Production of coffee and coffee substitutes,Manufacturing
10840,Manufacture of condiments and seasonings,Manufacturing
10850,Manufacture of prepared meals and dishes,Manufacturing
10860,Manufacture of homogenized food preparations and dietetic food,Manufacturing
10890,Manufacture of other food products n.e.c.,Manufacturing
10910,Manufacture of prepared feeds for farm animals,Manufacturing
10920,Manufacture of prepared pet foods,Manufacturing
11010,"Distilling, rectifying and blending of spirits",Manufacturing
11020,Manufacture of wine from grape,Manufacturing
11030,Manufacture of cider and other fruit wines,Manufacturing
11040,Manufacture of other non-distilled fermented beverages,Manufacturing
11050,Manufacture of beer,Manufacturing
11060,Manufacture of malt,Manufacturing
11070,Manufacture of soft drinks; production of mineral waters and other bottled waters,Manufacturing
12000,Manufacture of tobacco products,Manufacturing
13100,Preparation and spinning of textile fibres,Manufacturing
13200,Weaving of textiles,Manufacturing
13300,Finishing of textiles,Manufacturing
13910,Manufacture of knitted and crocheted fabrics,Manufacturing
13921,Manufacture of soft furnishings,Manufacturing
13922,"manufacture of canvas goods, sacks, etc.",Manufacturing
13923,manufacture of household textiles,Manufacturing
13931,Manufacture of woven or tufted carpets and rugs,Manufacturing
13939,Manufacture of other carpets and rugs,Manufacturing
13940,"Manufacture of cordage, rope, twine and netting",Manufacturing
13950,"Manufacture of non-wovens and articles made from non-wovens, except apparel",Manufacturing
13960,Manufacture of other technical and industrial textiles,Manufacturing
13990,Manufacture of other textiles n.e.c.,Manufacturing
14110,Manufacture of leather clothes,Manufacturing
14120,Manufacture of workwear,Manufacturing
14131,Manufacture of other men's outerwear,Manufacturing
14132,Manufacture of other women's outerwear,Manufacturing
14141,Manufacture of men's underwear,Manufacturing
14142,Manufacture of women's underwear,Manufacturing
14190,Manufacture of other wearing apparel and accessories n.e.c.,Manufacturing
14200,Manufacture of articles of fur,Manufacturing
14310,Manufacture of knitted and crocheted hosiery,Manufacturing
14390,Manufacture of other knitted and crocheted apparel,Manufacturing
15110,Tanning and dressing of leather; dressing and dyeing of fur,Manufacturing
15120,"Manufacture of luggage, handbags and the like, saddlery and harness",Manufacturing
15200,Manufacture of footwear,Manufacturing
16100,Sawmilling and planing of wood,Manufacturing
16210,Manufacture of veneer sheets and wood-based panels,Manufacturing
16220,Manufacture of assembled parquet floors,Manufacturing
16230,Manufacture of other builders' carpentry and joinery,Manufacturing
16240,Manufacture of wooden containers,Manufacturing
16290,"Manufacture of other products of wood; manufacture of articles of cork, straw and plaiting materials",Manufacturing
17110,Manufacture of pulp,Manufacturing
17120,Manufacture of paper and paperboard,Manufacturing
17211,"Manufacture of corrugated paper and paperboard, sacks and bags",Manufacturing
17219,Manufacture of other paper and paperboard containers,Manufacturing
17220,Manufacture of household and sanitary goods and of toilet requisites,Manufacturing
17230,Manufacture of paper stationery,Manufacturing
17240,Manufacture of wallpaper,Manufacturing
17290,Manufacture of other articles of paper and paperboard n.e.c.,Manufacturing
18110,Printing of newspapers,Manufacturing
18121,Manufacture of printed labels,Manufacturing
18129,Printing n.e.c.,Manufacturing
18130,Pre-press and pre-media services,Manufacturing
18140,Binding and related services,Manufacturing
18201,Reproduction of sound recording,Manufacturing
18202,Reproduction of video recording,Manufacturing
18203,Reproduction of computer media,Manufacturing
19100,Manufacture of coke oven products,Manufacturing
19201,Mineral oil refining,Manufacturing
19209,Other treatment of petroleum products (excluding petrochemicals manufacture),Manufacturing
20110,Manufacture of industrial gases,Manufacturing
20120,Manufacture of dyes and pigments,Manufacturing
20130,Manufacture of other inorganic basic chemicals,Manufacturing
20140,Manufacture of other organic basic chemicals,Manufacturing
20150,Manufacture of fertilizers and nitrogen compounds,Manufacturing
20160,Manufacture of plastics in primary forms,Manufacturing
20170,Manufacture of synthetic rubber in primary forms,Manufacturing
20200,Manufacture of pesticides and other agrochemical products,Manufacturing
20301,"Manufacture of paints, varnishes and similar coatings, mastics and sealants",Manufacturing
20302,Manufacture of printing ink,Manufacturing
20411,Manufacture of soap and detergents,Manufacturing
20412,Manufacture of cleaning and polishing preparations,Manufacturing
20420,Manufacture of perfumes and toilet preparations,Manufacturing
20510,Manufacture of explosives,Manufacturing
20520,Manufacture of glues,Manufacturing
20530,Manufacture of essential oils,Manufacturing
20590,Manufacture of other chemical products n.e.c.,Manufacturing
20600,Manufacture of man-made fibres,Manufacturing
21100,Manufacture of basic pharmaceutical products,Manufacturing
21200,Manufacture of pharmaceutical preparations,Manufacturing
22110,Manufacture of rubber tyres and tubes; retreading and rebuilding of rubber tyres,Manufacturing
22190,Manufacture of other rubber products,Manufacturing
22210,"Manufacture of plastic plates, sheets, tubes and profiles",Manufacturing
22220,Manufacture of plastic packing goods,Manufacturing
22230,Manufacture of builders  ware of plastic,Manufacturing
22290,Manufacture of other plastic products,Manufacturing
23110,Manufacture of flat glass,Manufacturing
23120,Shaping and processing of flat glass,Manufacturing
23130,Manufacture of hollow glass,Manufacturing
23140,Manufacture of glass fibres,Manufacturing
23190,"Manufacture and processing of other glass, including technical glassware",Manufacturing
23200,Manufacture of refractory products,Manufacturing
23310,Manufacture of ceramic tiles and flags,Manufacturing
23320,"Manufacture of bricks, tiles and construction products, in baked clay",Manufacturing
23410,Manufacture of ceramic household and ornamental articles,Manufacturing
23420,Manufacture of ceramic sanitary fixtures,Manufacturing
23430,Manufacture of ceramic insulators and insulating fittings,Manufacturing
23440,Manufacture of other technical ceramic products,Manufacturing
23490,Manufacture of other ceramic products n.e.c.,Manufacturing
23510,Manufacture of cement,Manufacturing
23520,Manufacture of lime and plaster,Manufacturing
23610,Manufacture of concrete products for construction purposes,Manufacturing
23620,Manufacture of plaster products for construction purposes,Manufacturing
23630,Manufacture of ready-mixed concrete,Manufacturing
23640,Manufacture of mortars,Manufacturing
23650,Manufacture of fibre cement,Manufacturing
23690,"Manufacture of other articles of concrete, plaster and cement",Manufacturing
23700,"Cutting, shaping and finishing of stone",Manufacturing
23910,Production of abrasive products,Manufacturing
23990,Manufacture of other non-metallic mineral products n.e.c.,Manufacturing
24100,Manufacture of basic iron and steel and of ferro-alloys,Manufacturing
24200,"Manufacture of tubes, pipes, hollow profiles and related fittings, of steel",Manufacturing
24310,Cold drawing of bars,Manufacturing
24320,Cold rolling of narrow strip,Manufacturing
24330,Cold forming or folding,Manufacturing
24340,Cold drawing of wire,Manufacturing
24410,Precious metals production,Manufacturing
24420,Aluminium production,Manufacturing
24430,"Lead, zinc and tin production",Manufacturing
24440,Copper production,Manufacturing
24450,Other non-ferrous metal production,Manufacturing
24460,Processing of nuclear fuel,Manufacturing
24510,Casting of iron,Manufacturing
24520,Casting of steel,Manufacturing
24530,Casting of light metals,Manufacturing
24540,Casting of other non-ferrous metals,Manufacturing
25110,Manufacture of metal structures and parts of structures,Manufacturing
25120,Manufacture of doors and windows of metal,Manufacturing
25210,Manufacture of central heating radiators and boilers,Manufacturing
25290,"Manufacture of other tanks, reservoirs and containers of metal",Manufacturing
25300,"Manufacture of steam generators, except central heating hot water boilers",Manufacturing
25400,Manufacture of weapons and ammunition,Manufacturing
25500,"Forging, pressing, stamping and roll-forming of metal; powder metallurgy",Manufacturing
25610,Treatment and coating of metals,Manufacturing
25620,Machining,Manufacturing
25710,Manufacture of cutlery,Manufacturing
25720,Manufacture of locks and hinges,Manufacturing
25730,Manufacture of tools,Manufacturing
25910,Manufacture of steel drums and similar containers,Manufacturing
25920,Manufacture of light metal packaging,Manufacturing
25930,"Manufacture of wire products, chain and springs",Manufacturing
25940,Manufacture of fasteners and screw machine products,Manufacturing
25990,Manufacture of other fabricated metal products n.e.c.,Manufacturing
26110,Manufacture of electronic components,Manufacturing
26120,Manufacture of loaded electronic boards,Manufacturing
26200,Manufacture of computers and peripheral equipment,Manufacturing
26301,Manufacture of telegraph and telephone apparatus and equipment,Manufacturing
26309,"Manufacture of communication equipment other than telegraph, and telephone apparatus and equipment",Manufacturing
26400,Manufacture of consumer electronics,Manufacturing
26511,"Manufacture of electronic measuring, testing etc. equipment, not for industrial process control",Manufacturing
26512,Manufacture of electronic industrial process control equipment,Manufacturing
26513,"Manufacture of non-electronic measuring, testing etc. equipment, not for industrial process control",Manufacturing
26514,Manufacture of non-electronic industrial process control equipment,Manufacturing
26520,Manufacture of watches and clocks,Manufacturing
26600,"Manufacture of irradiation, electromedical and electrotherapeutic equipment",Manufacturing
26701,Manufacture of optical precision instruments,Manufacturing
26702,Manufacture of photographic and cinematographic equipment,Manufacturing
26800,Manufacture of magnetic and optical media,Manufacturing
27110,"Manufacture of electric motors, generators and transformers",Manufacturing
27120,Manufacture of electricity distribution and control apparatus,Manufacturing
27200,Manufacture of batteries and accumulators,Manufacturing
27310,Manufacture of fibre optic cables,Manufacturing
27320,Manufacture of other electronic and electric wires and cables,Manufacturing
27330,Manufacture of wiring devices,Manufacturing
27400,Manufacture of electric lighting equipment,Manufacturing
27510,Manufacture of electric domestic appliances,Manufacturing
27520,Manufacture of non-electric domestic appliances,Manufacturing
27900,Manufacture of other electrical equipment,Manufacturing
28110,"Manufacture of engines and turbines, except aircraft, vehicle and cycle engines",Manufacturing
28120,Manufacture of fluid power equipment,Manufacturing
28131,Manufacture of pumps,Manufacturing
28132,Manufacture of compressors,Manufacturing
28140,Manufacture of taps and valves,Manufacturing
28150,"Manufacture of bearings, gears, gearing and driving elements",Manufacturing
28210,"Manufacture of ovens, furnaces and furnace burners",Manufacturing
28220,Manufacture of lifting and handling equipment,Manufacturing
28230,Manufacture of office machinery and equipment (except computers and peripheral equipment),Manufacturing
28240,Manufacture of power-driven hand tools,Manufacturing
28250,Manufacture of non-domestic cooling and ventilation equipment,Manufacturing
28290,Manufacture of other general-purpose machinery n.e.c.,Manufacturing
28301,Manufacture of agricultural tractors,Manufacturing
28302,Manufacture of agricultural and forestry machinery other than tractors,Manufacturing
28410,Manufacture of metal forming machinery,Manufacturing
28490,Manufacture of other machine tools,Manufacturing
28910,Manufacture of machinery for metallurgy,Manufacturing
28921,Manufacture of machinery for mining,Manufacturing
28922,Manufacture of earthmoving equipment,Manufacturing
28923,Manufacture of equipment for concrete crushing and screening and roadworks,Manufacturing
28930,"Manufacture of machinery for food, beverage and tobacco processing",Manufacturing
28940,"Manufacture of machinery for textile, apparel and leather production",Manufacturing
28950,Manufacture of machinery for paper and paperboard production,Manufacturing
28960,Manufacture of plastics and rubber machinery,Manufacturing
28990,Manufacture of other special-purpose machinery n.e.c.,Manufacturing
29100,Manufacture of motor vehicles,Manufacturing
29201,Manufacture of bodies (coachwork) for motor vehicles (except caravans),Manufacturing
29202,Manufacture of trailers and semi-trailers,Manufacturing
29203,Manufacture of caravans,Manufacturing
29310,Manufacture of electrical and electronic equipment for motor vehicles and their engines,Manufacturing
29320,Manufacture of other parts and accessories for motor vehicles,Manufacturing
30110,Building of ships and floating structures,Manufacturing
30120,Building of pleasure and sporting boats,Manufacturing
30200,Manufacture of railway locomotives and rolling stock,Manufacturing
30300,Manufacture of air and spacecraft and related machinery,Manufacturing
30400,Manufacture of military fighting vehicles,Manufacturing
30910,Manufacture of motorcycles,Manufacturing
30920,Manufacture of bicycles and invalid carriages,Manufacturing
30990,Manufacture of other transport equipment n.e.c.,Manufacturing
31010,Manufacture of office and shop furniture,Manufacturing
31020,Manufacture of kitchen furniture,Manufacturing
31030,Manufacture of mattresses,Manufacturing
31090,Manufacture of other furniture,Manufacturing
32110,Striking of coins,Manufacturing
32120,Manufacture of jewellery and related articles,Manufacturing
32130,Manufacture of imitation jewellery and related articles,Manufacturing
32200,Manufacture of musical instruments,Manufacturing
32300,Manufacture of sports goods,Manufacturing
32401,Manufacture of professional and arcade games and toys,Manufacturing
32409,"Manufacture of other games and toys, n.e.c.",Manufacturing
32500,Manufacture of medical and dental instruments and supplies,Manufacturing
32910,Manufacture of brooms and brushes,Manufacturing
32990,Other manufacturing n.e.c.,Manufacturing
33110,Repair of fabricated metal products,Manufacturing
33120,Repair of machinery,Manufacturing
33130,Repair of electronic and optical equipment,Manufacturing
33140,Repair of electrical equipment,Manufacturing
33150,Repair and maintenance of ships and boats,Manufacturing
33160,Repair and maintenance of aircraft and spacecraft,Manufacturing
33170,Repair and maintenance of other transport equipment n.e.c.,Manufacturing
33190,Repair of other equipment,Manufacturing
33200,Installation of industrial machinery and equipment,Manufacturing
35110,Production of electricity,"Electricity, gas, steam and air conditioning supply"
35120,Transmission of electricity,"Electricity, gas, steam and air conditioning supply"
35130,Distribution of electricity,"Electricity, gas, steam and air conditioning supply"
35140,Trade of electricity,"Electricity, gas, steam and air conditioning supply"
35210,Manufacture of gas,"Electricity, gas, steam and air conditioning supply"
35220,Distribution of gaseous fuels through mains,"Electricity, gas, steam and air conditioning supply"
35230,Trade of gas through mains,"Electricity, gas, steam and air conditioning supply"
35300,Steam and air conditioning supply,"Electricity, gas, steam and air conditioning supply"
36000,"Water collection, treatment and supply","Water supply, sewerage, waste management and remediation activities"
37000,Sewerage,"Water supply, sewerage, waste management and remediation activities"
38110,Collection of non-hazardous waste,"Water supply, sewerage, waste management and remediation activities"
38120,Collection of hazardous waste,"Water supply, sewerage, waste management and remediation activities"
38210,Treatment and disposal of non-hazardous waste,"Water supply, sewerage, waste management and remediation activities"
38220,Treatment and disposal of hazardous waste,"Water supply, sewerage, waste management and remediation activities"
38310,Dismantling of wrecks,"Water supply, sewerage, waste management and remediation activities"
38320,Recovery of sorted materials,"Water supply, sewerage, waste management and remediation activities"
39000,Remediation activities and other waste management services,"Water supply, sewerage, waste management and remediation activities"
41100,Development of building projects,Construction
41201,Construction of commercial buildings,Construction
41202,Construction of domestic buildings,Construction
42110,Construction of roads and motorways,Construction
42120,Construction of railways and underground railways,Construction
42130,Construction of bridges and tunnels,Construction
42210,Construction of utility projects for fluids,Construction
42220,Construction of utility projects for electricity and telecommunications,Construction
42910,Construction of water projects,Construction
42990,Construction of other civil engineering projects n.e.c.,Construction
43110,Demolition,Construction
43120,Site preparation,Construction
43130,Test drilling and boring,Construction
43210,Electrical installation,Construction
43220,"Plumbing, heat and air-conditioning installation",Construction
43290,Other construction installation,Construction
43310,Plastering,Construction
43320,Joinery installation,Construction
43330,Floor and wall covering,Construction
43341,Painting,Construction
43342,Glazing,Construction
43390,Other building completion and finishing,Construction
43910,Roofing activities,Construction
43991,Scaffold erection,Construction
43999,Other specialised construction activities n.e.c.,Construction
45111,Sale of new cars and light motor vehicles,Wholesale and retail trade; repair of motor vehicles and motorcycles
45112,Sale of used cars and light motor vehicles,Wholesale and retail trade; repair of motor vehicles and motorcycles
45190,Sale of other motor vehicles,Wholesale and retail trade; repair of motor vehicles and motorcycles
45200,Maintenance and repair of motor vehicles,Wholesale and retail trade; repair of motor vehicles and motorcycles
45310,Wholesale trade of motor vehicle parts and accessories,Wholesale and retail trade; repair of motor vehicles and motorcycles
45320,Retail trade of motor vehicle parts and accessories,Wholesale and retail trade; repair of motor vehicles and motorcycles
45400,"Sale, maintenance and repair of motorcycles and related parts and accessories",Wholesale and retail trade; repair of motor vehicles and motorcycles
46110,"Agents selling agricultural raw materials, livestock, textile raw materials and semi-finished goods",Wholesale and retail trade; repair of motor vehicles and motorcycles
46120,"Agents involved in the sale of fuels, ores, metals and industrial chemicals",Wholesale and retail trade; repair of motor vehicles and motorcycles
46130,Agents involved in the sale of timber and building materials,Wholesale and retail trade; repair of motor vehicles and motorcycles
46140,"Agents involved in the sale of machinery, industrial equipment, ships and aircraft",Wholesale and retail trade; repair of motor vehicles and motorcycles
46150,"Agents involved in the sale of furniture, household goods, hardware and ironmongery",Wholesale and retail trade; repair of motor vehicles and motorcycles
46160,"Agents involved in the sale of textiles, clothing, fur, footwear and leather goods",Wholesale and retail trade; repair of motor vehicles and motorcycles
46170,"Agents involved in the sale of food, beverages and tobacco",Wholesale and retail trade; repair of motor vehicles and motorcycles
46180,Agents specialized in the sale of other particular products,Wholesale and retail trade; repair of motor vehicles and motorcycles
46190,Agents involved in the sale of a variety of goods,Wholesale and retail trade; repair of motor vehicles and motorcycles
46210,"Wholesale of grain, unmanufactured tobacco, seeds and animal feeds",Wholesale and retail trade; repair of motor vehicles and motorcycles
46220,Wholesale of flowers and plants,Wholesale and retail trade; repair of motor vehicles and motorcycles
46230,Wholesale of live animals,Wholesale and retail trade; repair of motor vehicles and motorcycles
46240,"Wholesale of hides, skins and leather",Wholesale and retail trade; repair of motor vehicles and motorcycles
46310,Wholesale of fruit and vegetables,Wholesale and retail trade; repair of motor vehicles and motorcycles
46320,Wholesale of meat and meat products,Wholesale and retail trade; repair of motor vehicles and motorcycles
46330,"Wholesale of dairy products, eggs and edible oils and fats",Wholesale and retail trade; repair of motor vehicles and motorcycles
46341,"Wholesale of fruit and vegetable juices, mineral water and soft drinks",Wholesale and retail trade; repair of motor vehicles and motorcycles
46342,"Wholesale of wine, beer, spirits and other alcoholic beverages",Wholesale and retail trade; repair of motor vehicles and motorcycles
46350,Wholesale of tobacco products,Wholesale and retail trade; repair of motor vehicles and motorcycles
46360,Wholesale of sugar and chocolate and sugar confectionery,Wholesale and retail trade; repair of motor vehicles and motorcycles
46370,"Wholesale of coffee, tea, cocoa and spices",Wholesale and retail trade; repair of motor vehicles and motorcycles
46380,"Wholesale of other food, including fish, crustaceans and molluscs",Wholesale and retail trade; repair of motor vehicles and motorcycles
46390,"Non-specialised wholesale of food, beverages and tobacco",Wholesale and retail trade; repair of motor vehicles and motorcycles
46410,Wholesale of textiles,Wholesale and retail trade; repair of motor vehicles and motorcycles
46420,Wholesale of clothing and footwear,Wholesale and retail trade; repair of motor vehicles and motorcycles
46431,"Wholesale of audio tapes, records, CDs and video tapes and the equipment on which these are played",Wholesale and retail trade; repair of motor vehicles and motorcycles
46439,"Wholesale of radio, television goods & electrical household appliances (other than records, tapes, CD's & video tapes and the equipment used for playing them)",Wholesale and retail trade; repair of motor vehicles and motorcycles
46440,Wholesale of china and glassware and cleaning materials,Wholesale and retail trade; repair of motor vehicles and motorcycles
46450,Wholesale of perfume and cosmetics,Wholesale and retail trade; repair of motor vehicles and motorcycles
46460,Wholesale of pharmaceutical goods,Wholesale and retail trade; repair of motor vehicles and motorcycles
46470,"Wholesale of furniture, carpets and lighting equipment",Wholesale and retail trade; repair of motor vehicles and motorcycles
46480,Wholesale of watches and jewellery,Wholesale and retail trade; repair of motor vehicles and motorcycles
46491,Wholesale of musical instruments,Wholesale and retail trade; repair of motor vehicles and motorcycles
46499,Wholesale of household goods (other than musical instruments) n.e.c.,Wholesale and retail trade; repair of motor vehicles and motorcycles
46510,"Wholesale of computers, computer peripheral equipment and software",Wholesale and retail trade; repair of motor vehicles and motorcycles
46520,Wholesale of electronic and telecommunications equipment and parts,Wholesale and retail trade; repair of motor vehicles and motorcycles
46610,"Wholesale of agricultural machinery, equipment and supplies",Wholesale and retail trade; repair of motor vehicles and motorcycles
46620,Wholesale of machine tools,Wholesale and retail trade; repair of motor vehicles and motorcycles
46630,"Wholesale of mining, construction and civil engineering machinery",Wholesale and retail trade; repair of motor vehicles and motorcycles
46640,Wholesale of machinery for the textile industry and of sewing and knitting machines,Wholesale and retail trade; repair of motor vehicles and motorcycles
46650,Wholesale of office furniture,Wholesale and retail trade; repair of motor vehicles and motorcycles
46660,Wholesale of other office machinery and equipment,Wholesale and retail trade; repair of motor vehicles and motorcycles
46690,Wholesale of other machinery and equipment,Wholesale and retail trade; repair of motor vehicles and motorcycles
46711,Wholesale of petroleum and petroleum products,Wholesale and retail trade; repair of motor vehicles and motorcycles
46719,Wholesale of other fuels and related products,Wholesale and retail trade; repair of motor vehicles and motorcycles
46720,Wholesale of metals and metal ores,Wholesale and retail trade; repair of motor vehicles and motorcycles
46730,"Wholesale of wood, construction materials and sanitary equipment",Wholesale and retail trade; repair of motor vehicles and motorcycles
46740,"Wholesale of hardware, plumbing and heating equipment and supplies",Wholesale and retail trade; repair of motor vehicles and motorcycles
46750,Wholesale of chemical products,Wholesale and retail trade; repair of motor vehicles and motorcycles
46760,Wholesale of other intermediate products,Wholesale and retail trade; repair of motor vehicles and motorcycles
46770,Wholesale of waste and scrap,Wholesale and retail trade; repair of motor vehicles and motorcycles
46900,Non-specialised wholesale trade,Wholesale and retail trade; repair of motor vehicles and motorcycles
47110,"Retail sale in non-specialised stores with food, beverages or tobacco predominating",Wholesale and retail trade; repair of motor vehicles and motorcycles
47190,Other retail sale in non-specialised stores,Wholesale and retail trade; repair of motor vehicles and motorcycles
47210,Retail sale of fruit and vegetables in specialised stores,Wholesale and retail trade; repair of motor vehicles and motorcycles
47220,Retail sale of meat and meat products in specialised stores,Wholesale and retail trade; repair of motor vehicles and motorcycles
47230,"Retail sale of fish, crustaceans and molluscs in specialised stores",Wholesale and retail trade; repair of motor vehicles and motorcycles
47240,"Retail sale of bread, cakes, flour confectionery and sugar confectionery in specialised stores",Wholesale and retail trade; repair of motor vehicles and motorcycles
47250,Retail sale of beverages in specialised stores,Wholesale and retail trade; repair of motor vehicles and motorcycles
47260,Retail sale of tobacco products in specialised stores,Wholesale and retail trade; repair of motor vehicles and motorcycles
47290,Other retail sale of food in specialised stores,Wholesale and retail trade; repair of motor vehicles and motorcycles
47300,Retail sale of automotive fuel in specialised stores,Wholesale and retail trade; repair of motor vehicles and motorcycles
47410,"Retail sale of computers, peripheral units and software in specialised stores",Wholesale and retail trade; repair of motor vehicles and motorcycles
47421,Retail sale of mobile telephones,Wholesale and retail trade; repair of motor vehicles and motorcycles
47429,Retail sale of telecommunications equipment other than mobile telephones,Wholesale and retail trade; repair of motor vehicles and motorcycles
47430,Retail sale of audio and video equipment in specialised stores,Wholesale and retail trade; repair of motor vehicles and motorcycles
47510,Retail sale of textiles in specialised stores,Wholesale and retail trade; repair of motor vehicles and motorcycles
47520,"Retail sale of hardware, paints and glass in specialised stores",Wholesale and retail trade; repair of motor vehicles and motorcycles
47530,"Retail sale of carpets, rugs, wall and floor coverings in specialised stores",Wholesale and retail trade; repair of motor vehicles and motorcycles
47540,Retail sale of electrical household appliances in specialised stores,Wholesale and retail trade; repair of motor vehicles and motorcycles
47591,Retail sale of musical instruments and scores,Wholesale and retail trade; repair of motor vehicles and motorcycles
47599,"Retail of furniture, lighting, and similar (not musical instruments or scores) in specialised store",Wholesale and retail trade; repair of motor vehicles and motorcycles
47610,Retail sale of books in specialised stores,Wholesale and retail trade; repair of motor vehicles and motorcycles
47620,Retail sale of newspapers and stationery in specialised stores,Wholesale and retail trade; repair of motor vehicles and motorcycles
47630,Retail sale of music and video recordings in specialised stores,Wholesale and retail trade; repair of motor vehicles and motorcycles
47640,"Retail sale of sports goods, fishing gear, camping goods, boats and bicycles",Wholesale and retail trade; repair of motor vehicles and motorcycles
47650,Retail sale of games and toys in specialised stores,Wholesale and retail trade; repair of motor vehicles and motorcycles
47710,Retail sale of clothing in specialised stores,Wholesale and retail trade; repair of motor vehicles and motorcycles
47721,Retail sale of footwear in specialised stores,Wholesale and retail trade; repair of motor vehicles and motorcycles
47722,Retail sale of leather goods in specialised stores,Wholesale and retail trade; repair of motor vehicles and motorcycles
47730,Dispensing chemist in specialised stores,Wholesale and retail trade; repair of motor vehicles and motorcycles
47741,Retail sale of hearing aids,Wholesale and retail trade; repair of motor vehicles and motorcycles
47749,Retail sale of medical and orthopaedic goods in specialised stores (not incl. hearing aids) n.e.c.,Wholesale and retail trade; repair of motor vehicles and motorcycles
47750,Retail sale of cosmetic and toilet articles in specialised stores,Wholesale and retail trade; repair of motor vehicles and motorcycles
47760,"Retail sale of flowers, plants, seeds, fertilizers, pet animals and pet food in specialised stores",Wholesale and retail trade; repair of motor vehicles and motorcycles
47770,Retail sale of watches and jewellery in specialised stores,Wholesale and retail trade; repair of motor vehicles and motorcycles
47781,Retail sale in commercial art galleries,Wholesale and retail trade; repair of motor vehicles and motorcycles
47782,Retail sale by opticians,Wholesale and retail trade; repair of motor vehicles and motorcycles
47789,Other retail sale of new goods in specialised stores (not commercial art galleries and opticians),Wholesale and retail trade; repair of motor vehicles and motorcycles
47791,Retail sale of antiques including antique books in stores,Wholesale and retail trade; repair of motor vehicles and motorcycles
47799,Retail sale of other second-hand goods in stores (not incl. antiques),Wholesale and retail trade; repair of motor vehicles and motorcycles
47810,"Retail sale via stalls and markets of food, beverages and tobacco products",Wholesale and retail trade; repair of motor vehicles and motorcycles
47820,"Retail sale via stalls and markets of textiles, clothing and footwear",Wholesale and retail trade; repair of motor vehicles and motorcycles
47890,Retail sale via stalls and markets of other goods,Wholesale and retail trade; repair of motor vehicles and motorcycles
47910,Retail sale via mail order houses or via Internet,Wholesale and retail trade; repair of motor vehicles and motorcycles
47990,"Other retail sale not in stores, stalls or markets",Wholesale and retail trade; repair of motor vehicles and motorcycles
49100,"Passenger rail transport, interurban",Transportation and storage
49200,Freight rail transport,Transportation and storage
49311,"Urban and suburban passenger railway transportation by underground, metro and similar systems",Transportation and storage
49319,"Other urban, suburban or metropolitan passenger land transport (not underground, metro or similar)",Transportation and storage
49320,Taxi operation,Transportation and storage
49390,Other passenger land transport,Transportation and storage
49410,Freight transport by road,Transportation and storage
49420,Removal services,Transportation and storage
49500,Transport via pipeline,Transportation and storage
50100,Sea and coastal passenger water transport,Transportation and storage
50200,Sea and coastal freight water transport,Transportation and storage
50300,Inland passenger water transport,Transportation and storage
50400,Inland freight water transport,Transportation and storage
51101,Scheduled passenger air transport,Transportation and storage
51102,Non-scheduled passenger air transport,Transportation and storage
51210,Freight air transport,Transportation and storage
51220,Space transport,Transportation and storage
52101,Operation of warehousing and storage facilities for water transport activities,Transportation and storage
52102,Operation of warehousing and storage facilities for air transport activities,Transportation and storage
52103,Operation of warehousing and storage facilities for land transport activities,Transportation and storage
52211,Operation of rail freight terminals,Transportation and storage
52212,Operation of rail passenger facilities at railway stations,Transportation and storage
52213,Operation of bus and coach passenger facilities at bus and coach stations,Transportation and storage
52219,"Other service activities incidental to land transportation, n.e.c.",Transportation and storage
52220,Service activities incidental to water transportation,Transportation and storage
52230,Service activities incidental to air transportation,Transportation and storage
52241,Cargo handling for water transport activities,Transportation and storage
52242,Cargo handling for air transport activities,Transportation and storage
52243,Cargo handling for land transport activities,Transportation and storage
52290,Other transportation support activities,Transportation and storage
53100,Postal activities under universal service obligation,Transportation and storage
53201,Licensed carriers,Transportation and storage
53202,Unlicensed carrier,Transportation and storage
55100,Hotels and similar accommodation,Accommodation and food service activities
55201,Holiday centres and villages,Accommodation and food service activities
55202,Youth hostels,Accommodation and food service activities
55209,Other holiday and other collective accommodation,Accommodation and food service activities
55300,"Recreational vehicle parks, trailer parks and camping grounds",Accommodation and food service activities
55900,Other accommodation,Accommodation and food service activities
56101,Licensed restaurants,Accommodation and food service activities
56102,Unlicensed restaurants and cafes,Accommodation and food service activities
56103,Take-away food shops and mobile food stands,Accommodation and food service activities
56210,Event catering activities,Accommodation and food service activities
56290,Other food services,Accommodation and food service activities
56301,Licensed clubs,Accommodation and food service activities
56302,Public houses and bars,Accommodation and food service activities
58110,Book publishing,Information and communication
58120,Publishing of directories and mailing lists,Information and communication
58130,Publishing of newspapers,Information and communication
58141,Publishing of learned journals,Information and communication
58142,Publishing of  consumer and business journals and periodicals,Information and communication
58190,Other publishing activities,Information and communication
58210,Publishing of computer games,Information and communication
58290,Other software publishing,Information and communication
59111,Motion picture production activities,Information and communication
59112,Video production activities,Information and communication
59113,Television programme production activities,Information and communication
59120,"Motion picture, video and television programme post-production activities",Information and communication
59131,Motion picture distribution activities,Information and communication
59132,Video distribution activities,Information and communication
59133,Television programme distribution activities,Information and communication
59140,Motion picture projection activities,Information and communication
59200,Sound recording and music publishing activities,Information and communication
60100,Radio broadcasting,Information and communication
60200,Television programming and broadcasting activities,Information and communication
61100,Wired telecommunications activities,Information and communication
61200,Wireless telecommunications activities,Information and communication
61300,Satellite telecommunications activities,Information and communication
61900,Other telecommunications activities,Information and communication
62011,Ready-made interactive leisure and entertainment software development,Information and communication
62012,Business and domestic software development,Information and communication
62020,Information technology consultancy activities,Information and communication
62030,Computer facilities management activities,Information and communication
62090,Other information technology service activities,Information and communication
63110,"Data processing, hosting and related activities",Information and communication
63120,Web portals,Information and communication
63910,News agency activities,Information and communication
63990,Other information service activities n.e.c.,Information and communication
64110,Central banking,Financial and insurance activities
64191,Banks,Financial and insurance activities
64192,Building societies,Financial and insurance activities
64201,Activities of agricultural holding companies,Financial and insurance activities
64202,Activities of production holding companies,Financial and insurance activities
64203,Activities of construction holding companies,Financial and insurance activities
64204,Activities of distribution holding companies,Financial and insurance activities
64205,Activities of financial services holding companies,Financial and insurance activities
64209,Activities of other holding companies n.e.c.,Financial and insurance activities
64301,Activities of investment trusts,Financial and insurance activities
64302,Activities of unit trusts,Financial and insurance activities
64303,Activities of venture and development capital companies,Financial and insurance activities
64304,Activities of open-ended investment companies,Financial and insurance activities
64305,Activities of property unit trusts,Financial and insurance activities
64306,Activities of real estate investment trusts,Financial and insurance activities
64910,Financial leasing,Financial and insurance activities
64921,Credit granting by non-deposit taking finance houses and other specialist consumer credit grantors,Financial and insurance activities
64922,Activities of mortgage finance companies,Financial and insurance activities
64929,Other credit granting n.e.c.,Financial and insurance activities
64991,Security dealing on own account,Financial and insurance activities
64992,Factoring,Financial and insurance activities
64999,Financial intermediation not elsewhere classified,Financial and insurance activities
65110,Life insurance,Financial and insurance activities
65120,Non-life insurance,Financial and insurance activities
65201,Life reinsurance,Financial and insurance activities
65202,Non-life reinsurance,Financial and insurance activities
65300,Pension funding,Financial and insurance activities
66110,Administration of financial markets,Financial and insurance activities
66120,Security and commodity contracts dealing activities,Financial and insurance activities
66190,Activities auxiliary to financial intermediation n.e.c.,Financial and insurance activities
66210,Risk and damage evaluation,Financial and insurance activities
66220,Activities of insurance agents and brokers,Financial and insurance activities
66290,Other activities auxiliary to insurance and pension funding,Financial and insurance activities
66300,Fund management activities,Financial and insurance activities
68100,Buying and selling of own real estate,Real estate activities
68201,Renting and operating of Housing Association real estate,Real estate activities
68202,Letting and operating of conference and exhibition centres,Real estate activities
68209,Other letting and operating of own or leased real estate,Real estate activities
68310,Real estate agencies,Real estate activities
68320,Management of real estate on a fee or contract basis,Real estate activities
69101,Barristers at law,"Professional, scientific and technical activities"
69102,Solicitors,"Professional, scientific and technical activities"
69109,Activities of patent and copyright agents; other legal activities n.e.c.,"Professional, scientific and technical activities"
69201,Accounting and auditing activities,"Professional, scientific and technical activities"
69202,Bookkeeping activities,"Professional, scientific and technical activities"
69203,Tax consultancy,"Professional, scientific and technical activities"
70100,Activities of head offices,"Professional, scientific and technical activities"
70210,Public relations and communications activities,"Professional, scientific and technical activities"
70221,Financial management,"Professional, scientific and technical activities"
70229,Management consultancy activities other than financial management,"Professional, scientific and technical activities"
71111,Architectural activities,"Professional, scientific and technical activities"
71112,Urban planning and landscape architectural activities,"Professional, scientific and technical activities"
71121,Engineering design activities for industrial process and production,"Professional, scientific and technical activities"
71122,Engineering related scientific and technical consulting activities,"Professional, scientific and technical activities"
71129,Other engineering activities,"Professional, scientific and technical activities"
71200,Technical testing and analysis,"Professional, scientific and technical activities"
72110,Research and experimental development on biotechnology,"Professional, scientific and technical activities"
72190,Other research and experimental development on natural sciences and engineering,"Professional, scientific and technical activities"
72200,Research and experimental development on social sciences and humanities,"Professional, scientific and technical activities"
73110,Advertising agencies,"Professional, scientific and technical activities"
73120,Media representation services,"Professional, scientific and technical activities"
73200,Market research and public opinion polling,"Professional, scientific and technical activities"
74100,specialised design activities,"Professional, scientific and technical activities"
74201,Portrait photographic activities,"Professional, scientific and technical activities"
74202,Other specialist photography,"Professional, scientific and technical activities"
74203,Film processing,"Professional, scientific and technical activities"
74209,Photographic activities not elsewhere classified,"Professional, scientific and technical activities"
74300,Translation and interpretation activities,"Professional, scientific and technical activities"
74901,Environmental consulting activities,"Professional, scientific and technical activities"
74902,Quantity surveying activities,"Professional, scientific and technical activities"
74909,"Other professional, scientific and technical activities n.e.c.","Professional, scientific and technical activities"
74990,Non-trading company,"Professional, scientific and technical activities"
75000,Veterinary activities,"Professional, scientific and technical activities"
77110,Renting and leasing of cars and light motor vehicles,Administrative and support service activities
77120,Renting and leasing of trucks and other heavy vehicles,Administrative and support service activities
77210,Renting and leasing of recreational and sports goods,Administrative and support service activities
77220,Renting of video tapes and disks,Administrative and support service activities
77291,Renting and leasing of media entertainment equipment,Administrative and support service activities
77299,Renting and leasing of other personal and household goods,Administrative and support service activities
77310,Renting and leasing of agricultural machinery and equipment,Administrative and support service activities
77320,Renting and leasing of construction and civil engineering machinery and equipment,Administrative and support service activities
77330,Renting and leasing of office machinery and equipment (including computers),Administrative and support service activities
77341,Renting and leasing of passenger water transport equipment,Administrative and support service activities
77342,Renting and leasing of freight water transport equipment,Administrative and support service activities
77351,Renting and leasing of air passenger transport equipment,Administrative and support service activities
77352,Renting and leasing of freight air transport equipment,Administrative and support service activities
77390,"Renting and leasing of other machinery, equipment and tangible goods n.e.c.",Administrative and support service activities
77400,"Leasing of intellectual property and similar products, except copyright works",Administrative and support service activities
78101,"Motion picture, television and other theatrical casting activities",Administrative and support service activities
78109,Other activities of employment placement agencies,Administrative and support service activities
78200,Temporary employment agency activities,Administrative and support service activities
78300,Human resources provision and management of human resources functions,Administrative and support service activities
79110,Travel agency activities,Administrative and support service activities
79120,Tour operator activities,Administrative and support service activities
79901,Activities of tourist guides,Administrative and support service activities
79909,Other reservation service activities n.e.c.,Administrative and support service activities
80100,Private security activities,Administrative and support service activities
80200,Security systems service activities,Administrative and support service activities
80300,Investigation activities,Administrative and support service activities
81100,Combined facilities support activities,Administrative and support service activities
81210,General cleaning of buildings,Administrative and support service activities
81221,Window cleaning services,Administrative and support service activities
81222,Specialised cleaning services,Administrative and support service activities
81223,Furnace and chimney cleaning services,Administrative and support service activities
81229,Other building and industrial cleaning activities,Administrative and support service activities
81291,Disinfecting and exterminating services,Administrative and support service activities
81299,Other cleaning services,Administrative and support service activities
81300,Landscape service activities,Administrative and support service activities
82110,Combined office administrative service activities,Administrative and support service activities
82190,"Photocopying, document preparation and other specialised office support activities",Administrative and support service activities
82200,Activities of call centres,Administrative and support service activities
82301,Activities of exhibition and fair organisers,Administrative and support service activities
82302,Activities of conference organisers,Administrative and support service activities
82911,Activities of collection agencies,Administrative and support service activities
82912,Activities of credit bureaus,Administrative and support service activities
82920,Packaging activities,Administrative and support service activities
82990,Other business support service activities n.e.c.,Administrative and support service activities
84110,General public administration activities,Public administration and defence; compulsory social security
84120,"Regulation of health care, education, cultural and other social services, not incl. social security",Public administration and defence; compulsory social security
84130,Regulation of and contribution to more efficient operation of businesses,Public administration and defence; compulsory social security
84210,Foreign affairs,Public administration and defence; compulsory social security
84220,Defence activities,Public administration and defence; compulsory social security
84230,Justice and judicial activities,Public administration and defence; compulsory social security
84240,Public order and safety activities,Public administration and defence; compulsory social security
84250,Fire service activities,Public administration and defence; compulsory social security
84300,Compulsory social security activities,Public administration and defence; compulsory social security
85100,Pre-primary education,Education
85200,Primary education,Education
85310,General secondary education,Education
85320,Technical and vocational secondary education,Education
85410,Post-secondary non-tertiary education,Education
85421,First-degree level higher education,Education
85422,Post-graduate level higher education,Education
85510,Sports and recreation education,Education
85520,Cultural education,Education
85530,Driving school activities,Education
85590,Other education n.e.c.,Education
85600,Educational support services,Education
86101,Hospital activities,Human health and social work activities
86102,Medical nursing home activities,Human health and social work activities
86210,General medical practice activities,Human health and social work activities
86220,Specialists medical practice activities,Human health and social work activities
86230,Dental practice activities,Human health and social work activities
86900,Other human health activities,Human health and social work activities
87100,Residential nursing care facilities,Human health and social work activities
87200,"Residential care activities for learning difficulties, mental health and substance abuse",Human health and social work activities
87300,Residential care activities for the elderly and disabled,Human health and social work activities
87900,Other residential care activities n.e.c.,Human health and social work activities
88100,Social work activities without accommodation for the elderly and disabled,Human health and social work activities
88910,Child day-care activities,Human health and social work activities
88990,Other social work activities without accommodation n.e.c.,Human health and social work activities
90010,Performing arts,"Arts, entertainment and recreation"
90020,Support activities to performing arts,"Arts, entertainment and recreation"
90030,Artistic creation,"Arts, entertainment and recreation"
90040,Operation of arts facilities,"Arts, entertainment and recreation"
91011,Library activities,"Arts, entertainment and recreation"
91012,Archives activities,"Arts, entertainment and recreation"
91020,Museums activities,"Arts, entertainment and recreation"
91030,Operation of historical sites and buildings and similar visitor attractions,"Arts, entertainment and recreation"
91040,Botanical and zoological gardens and nature reserves activities,"Arts, entertainment and recreation"
92000,Gambling and betting activities,"Arts, entertainment and recreation"
93110,Operation of sports facilities,"Arts, entertainment and recreation"
93120,Activities of sport clubs,"Arts, entertainment and recreation"
93130,Fitness facilities,"Arts, entertainment and recreation"
93191,Activities of racehorse owners,"Arts, entertainment and recreation"
93199,Other sports activities,"Arts, entertainment and recreation"
93210,Activities of amusement parks and theme parks,"Arts, entertainment and recreation"
93290,Other amusement and recreation activities n.e.c.,"Arts, entertainment and recreation"
94110,Activities of business and employers membership organizations,Other service activities
94120,Activities of professional membership organizations,Other service activities
94200,Activities of trade unions,Other service activities
94910,Activities of religious organizations,Other service activities
94920,Activities of political organizations,Other service activities
94990,Activities of other membership organizations n.e.c.,Other service activities
95110,Repair of computers and peripheral equipment,Other service activities
95120,Repair of communication equipment,Other service activities
95210,Repair of consumer electronics,Other service activities
95220,Repair of household appliances and home and garden equipment,Other service activities
95230,Repair of footwear and leather goods,Other service activities
95240,Repair of furniture and home furnishings,Other service activities
95250,"Repair of watches, clocks and jewellery",Other service activities
95290,Repair of personal and household goods n.e.c.,Other service activities
96010,Washing and (dry-)cleaning of textile and fur products,Other service activities
96020,Hairdressing and other beauty treatment,Other service activities
96030,Funeral and related activities,Other service activities
96040,Physical well-being activities,Other service activities
96090,Other service activities n.e.c.,Other service activities
97000,Activities of households as employers of domestic personnel,Activities of households as employers; undifferentiated goods- and services-producing activities of households for own use
98000,Residents property management,Activities of households as employers; undifferentiated goods- and services-producing activities of households for own use
98100,Undifferentiated goods-producing activities of private households for own use,Activities of households as employers; undifferentiated goods- and services-producing activities of households for own use
98200,Undifferentiated service-producing activities of private households for own use,Activities of households as employers; undifferentiated goods- and services-producing activities of households for own use
99000,Activities of extraterritorial organizations and bodies,Activities of extraterritorial organisations and bodies
99999,Dormant Company,Activities of extraterritorial organisations and bodies
